2026-02-19T16:30:16Z	Notify on Workflow Failure	workflow_run	completed/success	22190520828	7d3ca0a213254468aaa9c9877b134f3a150d53fc	https://github.com/hevi35-coder/content-publisher/actions/runs/22190520828
2026-02-19T16:29:43Z	Publish Smoke (Dry Run)	schedule	completed/success	22190498984	7d3ca0a213254468aaa9c9877b134f3a150d53fc	https://github.com/hevi35-coder/content-publisher/actions/runs/22190498984
2026-02-19T16:09:56Z	Notify on Workflow Failure	workflow_run	completed/success	22189745970	1f4209d54184b0fce45178a354938cdc27f13221	https://github.com/hevi35-coder/content-publisher/actions/runs/22189745970
2026-02-19T16:09:26Z	Publish Smoke (Dry Run)	workflow_dispatch	completed/success	22189726653	1f4209d54184b0fce45178a354938cdc27f13221	https://github.com/hevi35-coder/content-publisher/actions/runs/22189726653
2026-02-19T15:45:39Z	Notify on Workflow Failure	workflow_run	completed/success	22188817379	1f4209d54184b0fce45178a354938cdc27f13221	https://github.com/hevi35-coder/content-publisher/actions/runs/22188817379
2026-02-19T15:45:32Z	Weekly Content Automation	workflow_dispatch	completed/success	22188812835	1f4209d54184b0fce45178a354938cdc27f13221	https://github.com/hevi35-coder/content-publisher/actions/runs/22188812835
2026-02-19T15:45:11Z	Weekly Schedule Watchdog	workflow_dispatch	completed/success	22188799398	1f4209d54184b0fce45178a354938cdc27f13221	https://github.com/hevi35-coder/content-publisher/actions/runs/22188799398
2026-02-19T15:41:49Z	Weekly Content Automation	workflow_dispatch	completed/success	22188668804	d076d43bfdb11870d7f3f2c83c4f9c123fa4bee0	https://github.com/hevi35-coder/content-publisher/actions/runs/22188668804
2026-02-19T15:41:28Z	Weekly Schedule Watchdog	workflow_dispatch	completed/success	22188655343	d076d43bfdb11870d7f3f2c83c4f9c123fa4bee0	https://github.com/hevi35-coder/content-publisher/actions/runs/22188655343
2026-02-19T15:38:19Z	Weekly Content Automation	workflow_dispatch	completed/failure	22188534870	c95411b0e47deace8c5ef1daaf38d324a37503c1	https://github.com/hevi35-coder/content-publisher/actions/runs/22188534870
2026-02-19T15:38:00Z	Weekly Schedule Watchdog	workflow_dispatch	completed/success	22188522534	c95411b0e47deace8c5ef1daaf38d324a37503c1	https://github.com/hevi35-coder/content-publisher/actions/runs/22188522534
2026-02-19T15:31:59Z	Notify on Workflow Failure	workflow_run	completed/success	22188291390	2e79d289b46f8e20c469fe69702f09afb8b42de0	https://github.com/hevi35-coder/content-publisher/actions/runs/22188291390
2026-02-19T15:31:27Z	Auto Publish (Content Publisher)	workflow_dispatch	completed/failure	22188271658	2e79d289b46f8e20c469fe69702f09afb8b42de0	https://github.com/hevi35-coder/content-publisher/actions/runs/22188271658
2026-02-19T15:29:32Z	Notify on Workflow Failure	workflow_run	completed/failure	22188194530	4139ef8c7392600fcf9c448416be37d271ed2142	https://github.com/hevi35-coder/content-publisher/actions/runs/22188194530
2026-02-19T15:29:04Z	Auto Publish (Content Publisher)	workflow_dispatch	completed/failure	22188175863	4139ef8c7392600fcf9c448416be37d271ed2142	https://github.com/hevi35-coder/content-publisher/actions/runs/22188175863
2026-02-19T15:12:08Z	Notify on Workflow Failure	workflow_run	completed/success	22187511997	d789a9fdf306cebf99e48f899ba65ba5eb75b747	https://github.com/hevi35-coder/content-publisher/actions/runs/22187511997
2026-02-19T15:11:45Z	Auto Publish (Content Publisher)	workflow_dispatch	completed/failure	22187497739	d789a9fdf306cebf99e48f899ba65ba5eb75b747	https://github.com/hevi35-coder/content-publisher/actions/runs/22187497739
2026-02-19T15:11:18Z	Notify on Workflow Failure	workflow_run	completed/success	22187480430	d789a9fdf306cebf99e48f899ba65ba5eb75b747	https://github.com/hevi35-coder/content-publisher/actions/runs/22187480430
2026-02-19T15:10:49Z	Auto Publish (Content Publisher)	workflow_dispatch	completed/failure	22187461501	d789a9fdf306cebf99e48f899ba65ba5eb75b747	https://github.com/hevi35-coder/content-publisher/actions/runs/22187461501
2026-02-19T15:10:05Z	Notify on Workflow Failure	workflow_run	completed/success	22187434270	cb36e4022e16ca282e46aa821f9a93dc8ae226e6	https://github.com/hevi35-coder/content-publisher/actions/runs/22187434270
2026-02-19T15:09:38Z	Auto Publish (Content Publisher)	workflow_dispatch	completed/success	22187417265	cb36e4022e16ca282e46aa821f9a93dc8ae226e6	https://github.com/hevi35-coder/content-publisher/actions/runs/22187417265
2026-02-19T15:02:37Z	Notify on Workflow Failure	workflow_run	completed/success	22187158124	cb36e4022e16ca282e46aa821f9a93dc8ae226e6	https://github.com/hevi35-coder/content-publisher/actions/runs/22187158124
2026-02-19T15:02:07Z	Auto Publish (Content Publisher)	workflow_dispatch	completed/success	22187139106	cb36e4022e16ca282e46aa821f9a93dc8ae226e6	https://github.com/hevi35-coder/content-publisher/actions/runs/22187139106
2026-02-19T14:57:48Z	Notify on Workflow Failure	workflow_run	completed/success	22186975115	d6737ca97652592f4dabbaf0afe70e06d108b5bd	https://github.com/hevi35-coder/content-publisher/actions/runs/22186975115
2026-02-19T14:57:10Z	Auto Publish (Content Publisher)	workflow_dispatch	completed/success	22186950312	d6737ca97652592f4dabbaf0afe70e06d108b5bd	https://github.com/hevi35-coder/content-publisher/actions/runs/22186950312
2026-02-19T14:56:35Z	Notify on Workflow Failure	workflow_run	completed/success	22186927609	540a699510163f1876fe11c12a84007de7e0b384	https://github.com/hevi35-coder/content-publisher/actions/runs/22186927609
2026-02-19T14:56:00Z	Auto Publish (Content Publisher)	workflow_dispatch	completed/success	22186904688	540a699510163f1876fe11c12a84007de7e0b384	https://github.com/hevi35-coder/content-publisher/actions/runs/22186904688
2026-02-19T14:43:49Z	Weekly Schedule Watchdog	workflow_dispatch	completed/success	22186437377	c293b186fe1422f5cd197ed9cf8f8d5ec0d3994d	https://github.com/hevi35-coder/content-publisher/actions/runs/22186437377
2026-02-19T14:42:21Z	Notify on Workflow Failure	workflow_run	completed/success	22186379820	c293b186fe1422f5cd197ed9cf8f8d5ec0d3994d	https://github.com/hevi35-coder/content-publisher/actions/runs/22186379820
2026-02-19T14:41:45Z	Auto Publish (Content Publisher)	workflow_dispatch	completed/success	22186356802	c293b186fe1422f5cd197ed9cf8f8d5ec0d3994d	https://github.com/hevi35-coder/content-publisher/actions/runs/22186356802
2026-02-19T14:40:40Z	Notify on Workflow Failure	workflow_run	completed/success	22186317571	c293b186fe1422f5cd197ed9cf8f8d5ec0d3994d	https://github.com/hevi35-coder/content-publisher/actions/runs/22186317571
2026-02-19T14:40:14Z	Auto Publish (Content Publisher)	workflow_dispatch	completed/failure	22186300953	c293b186fe1422f5cd197ed9cf8f8d5ec0d3994d	https://github.com/hevi35-coder/content-publisher/actions/runs/22186300953
2026-02-19T11:23:15Z	Weekly Schedule Watchdog	schedule	completed/success	22179749945	1390797f4920fe54093addba84e37df188eed714	https://github.com/hevi35-coder/content-publisher/actions/runs/22179749945
2026-02-19T08:55:34Z	Notify on Workflow Failure	workflow_run	completed/skipped	22174995325	1390797f4920fe54093addba84e37df188eed714	https://github.com/hevi35-coder/content-publisher/actions/runs/22174995325
2026-02-19T08:55:08Z	Publish Smoke (Dry Run)	workflow_dispatch	completed/success	22174981790	1390797f4920fe54093addba84e37df188eed714	https://github.com/hevi35-coder/content-publisher/actions/runs/22174981790
2026-02-19T08:54:28Z	Notify on Workflow Failure	workflow_run	completed/skipped	22174960516	1390797f4920fe54093addba84e37df188eed714	https://github.com/hevi35-coder/content-publisher/actions/runs/22174960516
2026-02-19T08:54:05Z	Weekly Content Automation	workflow_dispatch	completed/success	22174948175	1390797f4920fe54093addba84e37df188eed714	https://github.com/hevi35-coder/content-publisher/actions/runs/22174948175
2026-02-19T07:57:14Z	Notify on Workflow Failure	workflow_run	completed/skipped	22173299139	4def99869e1a49ba4753df69f06ad2e0d3405d56	https://github.com/hevi35-coder/content-publisher/actions/runs/22173299139
2026-02-19T07:57:09Z	Auto Publish (Content Publisher)	workflow_dispatch	completed/success	22173297335	4def99869e1a49ba4753df69f06ad2e0d3405d56	https://github.com/hevi35-coder/content-publisher/actions/runs/22173297335
2026-02-19T07:54:19Z	Weekly Content Automation	schedule	completed/success	22173222589	2d3e34163d1263b7a1853924fb352a25bbffbee6	https://github.com/hevi35-coder/content-publisher/actions/runs/22173222589
2026-02-19T07:24:49Z	Notify on Workflow Failure	workflow_run	completed/skipped	22172464734	2d3e34163d1263b7a1853924fb352a25bbffbee6	https://github.com/hevi35-coder/content-publisher/actions/runs/22172464734
2026-02-19T07:24:44Z	Auto Publish (Content Publisher)	workflow_dispatch	completed/failure	22172462631	2d3e34163d1263b7a1853924fb352a25bbffbee6	https://github.com/hevi35-coder/content-publisher/actions/runs/22172462631
2026-02-19T07:21:26Z	Weekly Content Automation	workflow_dispatch	completed/success	22172377711	bcca161440ed702435d09007a15437b19d9b7434	https://github.com/hevi35-coder/content-publisher/actions/runs/22172377711
2026-02-19T06:22:49Z	Notify on Workflow Failure	workflow_run	completed/skipped	22170995860	bcca161440ed702435d09007a15437b19d9b7434	https://github.com/hevi35-coder/content-publisher/actions/runs/22170995860
2026-02-19T06:22:00Z	Weekly Content Automation	workflow_dispatch	completed/success	22170976412	bcca161440ed702435d09007a15437b19d9b7434	https://github.com/hevi35-coder/content-publisher/actions/runs/22170976412
2026-02-18T18:08:48Z	Weekly Schedule Watchdog	schedule	completed/success	22151756079	1e69dc910dd5b95f86bb79b028fc51424b92d5a4	https://github.com/hevi35-coder/content-publisher/actions/runs/22151756079
2026-02-18T16:38:40Z	Notify on Workflow Failure	workflow_run	completed/skipped	22148598652	1e69dc910dd5b95f86bb79b028fc51424b92d5a4	https://github.com/hevi35-coder/content-publisher/actions/runs/22148598652
2026-02-18T16:38:11Z	Publish Smoke (Dry Run)	schedule	completed/success	22148581405	1e69dc910dd5b95f86bb79b028fc51424b92d5a4	https://github.com/hevi35-coder/content-publisher/actions/runs/22148581405
2026-02-18T14:58:27Z	Notify on Workflow Failure	workflow_run	completed/skipped	22144889738	1e69dc910dd5b95f86bb79b028fc51424b92d5a4	https://github.com/hevi35-coder/content-publisher/actions/runs/22144889738
2026-02-18T14:58:20Z	Auto Publish (Content Publisher)	workflow_dispatch	completed/success	22144885511	1e69dc910dd5b95f86bb79b028fc51424b92d5a4	https://github.com/hevi35-coder/content-publisher/actions/runs/22144885511
2026-02-18T14:55:31Z	Weekly Content Automation	schedule	completed/success	22144779971	ad3c947399b3392c0ff2de54ffa5a450fe3c2b04	https://github.com/hevi35-coder/content-publisher/actions/runs/22144779971
2026-02-18T13:56:35Z	Notify on Workflow Failure	workflow_run	completed/skipped	22142624695	ad3c947399b3392c0ff2de54ffa5a450fe3c2b04	https://github.com/hevi35-coder/content-publisher/actions/runs/22142624695
2026-02-18T13:56:07Z	Auto Publish (Content Publisher)	workflow_dispatch	completed/success	22142608553	ad3c947399b3392c0ff2de54ffa5a450fe3c2b04	https://github.com/hevi35-coder/content-publisher/actions/runs/22142608553
2026-02-18T13:02:10Z	PR Sanity	pull_request	completed/success	22140806650	6dceecae3735245fdc143a4e1f18130230623821	https://github.com/hevi35-coder/content-publisher/actions/runs/22140806650
2026-02-18T12:13:21Z	PR Sanity	pull_request	completed/success	22139260012	ed063bc869ecfdafcbfee00dca7893b2df49a1c4	https://github.com/hevi35-coder/content-publisher/actions/runs/22139260012
2026-02-18T10:56:23Z	Notify on Workflow Failure	workflow_run	completed/skipped	22136899215	09d107251e760c98a5b6458a9f5c98c2c423b092	https://github.com/hevi35-coder/content-publisher/actions/runs/22136899215
2026-02-18T10:53:34Z	Weekly Content Automation	schedule	completed/success	22136809637	c87bcc31dd84a9db58c8cc81fdf02ff5df978a16	https://github.com/hevi35-coder/content-publisher/actions/runs/22136809637
2026-02-18T09:20:55Z	Notify on Workflow Failure	workflow_run	completed/skipped	22133796192	67c6fdf9ca8f0a7f0bf1bf53c6a9957c23c00103	https://github.com/hevi35-coder/content-publisher/actions/runs/22133796192
2026-02-18T09:20:13Z	Weekly Content Automation	workflow_dispatch	completed/success	22133771939	67c6fdf9ca8f0a7f0bf1bf53c6a9957c23c00103	https://github.com/hevi35-coder/content-publisher/actions/runs/22133771939
2026-02-18T08:52:55Z	Notify on Workflow Failure	workflow_run	completed/skipped	22132930248	67c6fdf9ca8f0a7f0bf1bf53c6a9957c23c00103	https://github.com/hevi35-coder/content-publisher/actions/runs/22132930248
2026-02-18T08:49:49Z	Weekly Content Automation	schedule	completed/success	22132839012	343ee65009d00c0567c020c77822d237144f3544	https://github.com/hevi35-coder/content-publisher/actions/runs/22132839012
2026-02-18T05:24:19Z	Notify on Workflow Failure	workflow_run	completed/success	22127757420	c93e8f8cf21fc9b0ad1b819d918fb09480373c8a	https://github.com/hevi35-coder/content-publisher/actions/runs/22127757420
2026-02-18T05:23:24Z	Weekly Content Automation	schedule	completed/failure	22127736795	c93e8f8cf21fc9b0ad1b819d918fb09480373c8a	https://github.com/hevi35-coder/content-publisher/actions/runs/22127736795
2026-02-18T01:10:52Z	Notify on Workflow Failure	workflow_run	completed/skipped	22122398701	21c2aab9cfaa1c63b962f75c38b771aaa0a13f7f	https://github.com/hevi35-coder/content-publisher/actions/runs/22122398701
2026-02-18T01:09:53Z	Weekly Content Automation	workflow_dispatch	completed/success	22122375817	21c2aab9cfaa1c63b962f75c38b771aaa0a13f7f	https://github.com/hevi35-coder/content-publisher/actions/runs/22122375817
2026-02-17T19:27:03Z	Weekly Schedule Watchdog	schedule	completed/success	22112547914	21c2aab9cfaa1c63b962f75c38b771aaa0a13f7f	https://github.com/hevi35-coder/content-publisher/actions/runs/22112547914
2026-02-17T17:03:32Z	Notify on Workflow Failure	workflow_run	completed/success	22107893834	21c2aab9cfaa1c63b962f75c38b771aaa0a13f7f	https://github.com/hevi35-coder/content-publisher/actions/runs/22107893834
2026-02-17T17:03:00Z	Weekly Content Automation	schedule	completed/failure	22107876792	21c2aab9cfaa1c63b962f75c38b771aaa0a13f7f	https://github.com/hevi35-coder/content-publisher/actions/runs/22107876792
2026-02-17T15:40:08Z	Notify on Workflow Failure	workflow_run	completed/success	22104927916	21c2aab9cfaa1c63b962f75c38b771aaa0a13f7f	https://github.com/hevi35-coder/content-publisher/actions/runs/22104927916
2026-02-17T15:39:39Z	Auto Publish (Content Publisher)	push	completed/failure	22104911648	21c2aab9cfaa1c63b962f75c38b771aaa0a13f7f	https://github.com/hevi35-coder/content-publisher/actions/runs/22104911648
2026-02-17T15:25:07Z	PR Sanity	pull_request	completed/success	22104392834	26eaa88146b109a4f56076a2e372b07add44aa94	https://github.com/hevi35-coder/content-publisher/actions/runs/22104392834
2026-02-16T11:15:12Z	Notify on Workflow Failure	workflow_run	completed/skipped	22060531935	e1a304b4c533d440963fd5c54855b56afb75a43d	https://github.com/hevi35-coder/content-publisher/actions/runs/22060531935
2026-02-16T11:14:37Z	Weekly Ops Report	workflow_dispatch	completed/success	22060513458	e1a304b4c533d440963fd5c54855b56afb75a43d	https://github.com/hevi35-coder/content-publisher/actions/runs/22060513458
2026-02-16T11:13:03Z	PR Sanity	pull_request	completed/success	22060466729	5989a4782328c5e7d204e39e3826877cf5b28a79	https://github.com/hevi35-coder/content-publisher/actions/runs/22060466729
2026-02-16T11:08:18Z	Weekly Ops Report	workflow_dispatch	completed/success	22060323067	7b3f255f5687245be40fb2789038ed3de598f003	https://github.com/hevi35-coder/content-publisher/actions/runs/22060323067
2026-02-16T11:06:47Z	PR Sanity	pull_request	completed/success	22060278849	789e5d850dd858ad87117d75629f2291a1edc819	https://github.com/hevi35-coder/content-publisher/actions/runs/22060278849
2026-02-16T11:02:19Z	Notify on Workflow Failure	workflow_run	completed/skipped	22060145046	55c012ec057b5ff398fda955ca83ffe6ac886539	https://github.com/hevi35-coder/content-publisher/actions/runs/22060145046
2026-02-16T11:01:58Z	Weekly Schedule Watchdog	workflow_dispatch	completed/success	22060134205	55c012ec057b5ff398fda955ca83ffe6ac886539	https://github.com/hevi35-coder/content-publisher/actions/runs/22060134205
2026-02-16T11:00:30Z	PR Sanity	pull_request	completed/success	22060089014	9250810155633910376c8fd8627ec65c2e6b53c2	https://github.com/hevi35-coder/content-publisher/actions/runs/22060089014
2026-02-16T10:57:03Z	Notify on Workflow Failure	workflow_run	completed/skipped	22059981923	4f5bc176f8aa64117b4d319e88d65044ae9d066d	https://github.com/hevi35-coder/content-publisher/actions/runs/22059981923
2026-02-16T10:56:38Z	Weekly Schedule Watchdog	workflow_dispatch	completed/success	22059968864	4f5bc176f8aa64117b4d319e88d65044ae9d066d	https://github.com/hevi35-coder/content-publisher/actions/runs/22059968864
2026-02-16T10:55:16Z	PR Sanity	pull_request	completed/success	22059926691	2c32cba2bd43e02c7a50a268420497173af0bdc4	https://github.com/hevi35-coder/content-publisher/actions/runs/22059926691
2026-02-16T10:52:15Z	Notify on Workflow Failure	workflow_run	completed/skipped	22059834059	9c65601b14bb9976da32044497e0d3389be69424	https://github.com/hevi35-coder/content-publisher/actions/runs/22059834059
2026-02-16T10:51:49Z	Weekly Schedule Watchdog	workflow_dispatch	completed/success	22059819776	9c65601b14bb9976da32044497e0d3389be69424	https://github.com/hevi35-coder/content-publisher/actions/runs/22059819776
2026-02-16T10:50:12Z	PR Sanity	pull_request	completed/success	22059769455	f41d7d1af3fa4a92e1dbab675d4d22dc3bb033e5	https://github.com/hevi35-coder/content-publisher/actions/runs/22059769455
2026-02-16T10:26:00Z	Notify on Workflow Failure	workflow_run	completed/success	22059016797	50e8f8b43eaaf3c673fcc73f9032365c73bc1510	https://github.com/hevi35-coder/content-publisher/actions/runs/22059016797
2026-02-16T10:25:35Z	Auto Publish (Content Publisher)	workflow_dispatch	completed/failure	22059004074	50e8f8b43eaaf3c673fcc73f9032365c73bc1510	https://github.com/hevi35-coder/content-publisher/actions/runs/22059004074
2026-02-16T10:24:13Z	PR Sanity	pull_request	completed/success	22058959618	42c75f964d12a52acf79b87077fa2bcd6c2939a5	https://github.com/hevi35-coder/content-publisher/actions/runs/22058959618
2026-02-16T10:14:47Z	Auto Publish (Content Publisher)	workflow_dispatch	completed/failure	22058656923	6ee5831c6cd6e84b8d269a1ffb25ab0c618ef016	https://github.com/hevi35-coder/content-publisher/actions/runs/22058656923
2026-02-16T10:13:54Z	PR Sanity	pull_request	completed/success	22058630520	6ee5831c6cd6e84b8d269a1ffb25ab0c618ef016	https://github.com/hevi35-coder/content-publisher/actions/runs/22058630520
2026-02-16T10:11:30Z	PR Sanity	pull_request	completed/success	22058553283	397fdd67aca60d7beafe2e9429ac6dd435a23954	https://github.com/hevi35-coder/content-publisher/actions/runs/22058553283
2026-02-16T10:08:16Z	Auto Publish (Content Publisher)	workflow_dispatch	completed/success	22058450101	65e7d4f54edb57f6130e3783c71a79492ee60af3	https://github.com/hevi35-coder/content-publisher/actions/runs/22058450101
2026-02-16T10:06:32Z	PR Sanity	pull_request	completed/success	22058398292	de863327f174740c027ca26ca2f7aa8b86e42ca2	https://github.com/hevi35-coder/content-publisher/actions/runs/22058398292
2026-02-16T10:03:40Z	PR Sanity	pull_request	completed/failure	22058308847	d6c80cf0524dffd89d70ca10dc74bd8b11eefa50	https://github.com/hevi35-coder/content-publisher/actions/runs/22058308847
2026-02-16T10:00:34Z	PR Sanity	pull_request	completed/failure	22058206500	0c01ce83d49a944c01740e73be636d5adb417437	https://github.com/hevi35-coder/content-publisher/actions/runs/22058206500
2026-02-16T09:46:26Z	Auto Publish (Content Publisher)	workflow_dispatch	completed/success	22057738943	e0f4492e42977c72cdbff23081f62635636eb2c9	https://github.com/hevi35-coder/content-publisher/actions/runs/22057738943
2026-02-16T09:45:04Z	Auto Publish (Content Publisher)	workflow_dispatch	completed/success	22057696198	e0f4492e42977c72cdbff23081f62635636eb2c9	https://github.com/hevi35-coder/content-publisher/actions/runs/22057696198
2026-02-16T09:43:19Z	PR Sanity	pull_request	completed/success	22057642537	6b17e65db971c4742ce4371c878b3522dce2d98f	https://github.com/hevi35-coder/content-publisher/actions/runs/22057642537
2026-02-16T08:28:28Z	Auto Publish (Content Publisher)	push	completed/failure	22055382130	a0e39fe50f65fd12d6d27db526f819b2f15d1619	https://github.com/hevi35-coder/content-publisher/actions/runs/22055382130
2026-02-16T08:26:49Z	PR Sanity	pull_request	completed/success	22055335117	afa8ed7665e99065b823909d4ab0c90cba71c630	https://github.com/hevi35-coder/content-publisher/actions/runs/22055335117
2026-02-16T08:26:46Z	Auto Publish (Content Publisher)	push	completed/failure	22055333691	afa8ed7665e99065b823909d4ab0c90cba71c630	https://github.com/hevi35-coder/content-publisher/actions/runs/22055333691
2026-02-16T06:58:32Z	PR Sanity	pull_request	completed/success	22053149848	319fea8fa8ecfa4ba88191056cab66e690549fc4	https://github.com/hevi35-coder/content-publisher/actions/runs/22053149848
2026-02-16T06:54:18Z	PR Sanity	pull_request	completed/success	22053055912	dc31863716543d5ca7d8661fafcf36a3dacb3126	https://github.com/hevi35-coder/content-publisher/actions/runs/22053055912
2026-02-16T06:51:49Z	PR Sanity	pull_request	completed/success	22053000436	4ff2bb1f37b551b4570c16307e3ef18b9107b52d	https://github.com/hevi35-coder/content-publisher/actions/runs/22053000436
2026-02-16T06:48:57Z	PR Sanity	pull_request	completed/success	22052936221	8a5bff1b4ca42b5fbddccacfd48d4833b0bf5eb4	https://github.com/hevi35-coder/content-publisher/actions/runs/22052936221
2026-02-16T06:46:00Z	PR Sanity	pull_request	completed/success	22052872254	b5866f3877d25aa7e1534800d8e12a695c59cfcb	https://github.com/hevi35-coder/content-publisher/actions/runs/22052872254
2026-02-16T06:41:02Z	PR Sanity	pull_request	completed/success	22052760815	bcb21d39d3a285b48c8ee66a8dedfa07e4bc70f9	https://github.com/hevi35-coder/content-publisher/actions/runs/22052760815
2026-02-16T06:37:57Z	PR Sanity	pull_request	completed/success	22052695618	d4f9464c1e166baf9a90eb537f073702109dc1c5	https://github.com/hevi35-coder/content-publisher/actions/runs/22052695618
2026-02-16T06:35:03Z	PR Sanity	pull_request	completed/success	22052632982	350b9ff6e31e7a6fc81ae8993bc61b48c0c4279b	https://github.com/hevi35-coder/content-publisher/actions/runs/22052632982
2026-02-16T06:32:20Z	PR Sanity	pull_request	completed/success	22052570490	a0a8fb05f803c74f9f49161e8408e0ea3bc97eff	https://github.com/hevi35-coder/content-publisher/actions/runs/22052570490
2026-02-16T06:30:01Z	PR Sanity	pull_request	completed/success	22052517161	c599729a93f83b8f7c8dccf1cc03412b37531414	https://github.com/hevi35-coder/content-publisher/actions/runs/22052517161
2026-02-16T05:44:16Z	PR Sanity	pull_request	completed/success	22051553382	3a17cb2a154dd289f6c5a5824b7524bc3b084273	https://github.com/hevi35-coder/content-publisher/actions/runs/22051553382
2026-02-16T05:39:39Z	PR Sanity	pull_request	completed/success	22051465370	8e9518f855f585b5548973987f022a7d1db654fd	https://github.com/hevi35-coder/content-publisher/actions/runs/22051465370
2026-02-16T05:36:19Z	PR Sanity	pull_request	completed/success	22051401911	55cce00453e4cdee30e63a5729dc3b7b21d3da22	https://github.com/hevi35-coder/content-publisher/actions/runs/22051401911
2026-02-16T05:34:05Z	PR Sanity	pull_request	completed/success	22051356658	0a2362bd2bb1af266314602ee61405c67470fae0	https://github.com/hevi35-coder/content-publisher/actions/runs/22051356658
2026-02-16T05:31:05Z	PR Sanity	pull_request	completed/success	22051294849	56975a115cdc51fa42ffd64fb489516c168444c0	https://github.com/hevi35-coder/content-publisher/actions/runs/22051294849
2026-02-16T05:28:24Z	PR Sanity	pull_request	completed/success	22051238639	716389de903c20941872f8b7924b15fe80897751	https://github.com/hevi35-coder/content-publisher/actions/runs/22051238639
2026-02-16T05:25:14Z	PR Sanity	pull_request	completed/success	22051178792	dd9a68bc993b005d715a7f6a7fd2aa34ea8c97e6	https://github.com/hevi35-coder/content-publisher/actions/runs/22051178792
2026-02-16T05:22:31Z	PR Sanity	pull_request	completed/success	22051128271	97d455b559d6ac2b770b5f50b48f90a4f133ec58	https://github.com/hevi35-coder/content-publisher/actions/runs/22051128271
2026-02-16T05:19:45Z	PR Sanity	pull_request	completed/success	22051078222	de53880492fde5671a122227829b7cb468cae56b	https://github.com/hevi35-coder/content-publisher/actions/runs/22051078222
2026-02-16T05:15:43Z	PR Sanity	pull_request	completed/success	22051007282	ca9d9675bc9f94e9215969473ba17fa32f904771	https://github.com/hevi35-coder/content-publisher/actions/runs/22051007282
2026-02-16T05:12:39Z	PR Sanity	pull_request	completed/success	22050953132	a21a511ae8ba0ecb21e0b25dd0bb43eaf008afea	https://github.com/hevi35-coder/content-publisher/actions/runs/22050953132
2026-02-16T05:07:54Z	PR Sanity	pull_request	completed/success	22050865896	b392f3224a7d879e79431c656cd0ab82c2872078	https://github.com/hevi35-coder/content-publisher/actions/runs/22050865896
2026-02-16T05:03:23Z	PR Sanity	pull_request	completed/success	22050783168	a03c41679c54cade68e2ab902901786222482f85	https://github.com/hevi35-coder/content-publisher/actions/runs/22050783168
2026-02-16T04:59:17Z	PR Sanity	pull_request	completed/success	22050704689	e549507173e8dc2bf3218d59ffea57ee5227ab46	https://github.com/hevi35-coder/content-publisher/actions/runs/22050704689
2026-02-16T04:58:51Z	Notify on Workflow Failure	workflow_run	completed/skipped	22050696418	4f27ac5770719f2ec88dfcd6f82a5890810b06f7	https://github.com/hevi35-coder/content-publisher/actions/runs/22050696418
2026-02-16T04:58:19Z	Weekly Content Automation	workflow_dispatch	completed/success	22050687525	4f27ac5770719f2ec88dfcd6f82a5890810b06f7	https://github.com/hevi35-coder/content-publisher/actions/runs/22050687525
2026-02-16T04:54:56Z	PR Sanity	pull_request	completed/success	22050624100	64fe4ea27b7e1a7b5130e3540d51505ff90a8592	https://github.com/hevi35-coder/content-publisher/actions/runs/22050624100
2026-02-16T04:52:32Z	PR Sanity	pull_request	completed/success	22050578739	9c774456f98f27f422f79deaa495b8ac94ec2a15	https://github.com/hevi35-coder/content-publisher/actions/runs/22050578739
2026-02-16T04:48:53Z	Notify on Workflow Failure	workflow_run	completed/skipped	22050514471	b3e681c252f8c3e4b23b3f8023016c62c87c2116	https://github.com/hevi35-coder/content-publisher/actions/runs/22050514471
2026-02-16T04:47:31Z	Weekly Content Automation	workflow_dispatch	completed/success	22050489722	b3e681c252f8c3e4b23b3f8023016c62c87c2116	https://github.com/hevi35-coder/content-publisher/actions/runs/22050489722
2026-02-16T04:46:25Z	PR Sanity	pull_request	completed/success	22050467019	f019ea7092d5f43f6e4f5038442f0d27f79dd9a1	https://github.com/hevi35-coder/content-publisher/actions/runs/22050467019
2026-02-16T04:45:11Z	PR Sanity	pull_request	completed/failure	22050443931	a22360748ccc827283711b53dbb405284729b14e	https://github.com/hevi35-coder/content-publisher/actions/runs/22050443931
2026-02-16T04:39:57Z	PR Sanity	pull_request	completed/success	22050345102	212b3340b85d1c66d2c24e98a92978d11147a9f4	https://github.com/hevi35-coder/content-publisher/actions/runs/22050345102
2026-02-16T04:32:02Z	Notify on Workflow Failure	workflow_run	completed/skipped	22050201477	168f315209ca8331b3df97204f36009187d29845	https://github.com/hevi35-coder/content-publisher/actions/runs/22050201477
2026-02-16T04:31:26Z	Weekly Content Automation	workflow_dispatch	completed/success	22050190774	1cbe3eccaf36070403aa2fa95f1d0f888659be23	https://github.com/hevi35-coder/content-publisher/actions/runs/22050190774
2026-02-16T04:30:43Z	PR Sanity	pull_request	completed/success	22050177709	a182d4764b762717a9a4209c929ca4bc73c41297	https://github.com/hevi35-coder/content-publisher/actions/runs/22050177709
2026-02-16T04:26:34Z	Notify on Workflow Failure	workflow_run	completed/skipped	22050102444	63894dec72b353db5a2f35f0f16e1f512245cbb0	https://github.com/hevi35-coder/content-publisher/actions/runs/22050102444
2026-02-16T04:26:28Z	PR Sanity	workflow_dispatch	completed/success	22050100673	8616bb6675827c8bc58dc053822440bcb08686a2	https://github.com/hevi35-coder/content-publisher/actions/runs/22050100673
2026-02-16T04:25:59Z	Weekly Content Automation	workflow_dispatch	completed/success	22050092085	63894dec72b353db5a2f35f0f16e1f512245cbb0	https://github.com/hevi35-coder/content-publisher/actions/runs/22050092085
2026-02-16T04:25:11Z	PR Sanity	pull_request	completed/success	22050077913	ce9e81a46da835c701c1602b7f1eb39d0a1aa4b8	https://github.com/hevi35-coder/content-publisher/actions/runs/22050077913
2026-02-16T04:22:08Z	Notify on Workflow Failure	workflow_run	completed/skipped	22050021253	763e4a8cd756d54b22075c008de0c774db6b19c1	https://github.com/hevi35-coder/content-publisher/actions/runs/22050021253
2026-02-16T04:21:31Z	Weekly Content Automation	workflow_dispatch	completed/success	22050009909	763e4a8cd756d54b22075c008de0c774db6b19c1	https://github.com/hevi35-coder/content-publisher/actions/runs/22050009909
2026-02-16T04:20:44Z	PR Sanity	pull_request	completed/success	22049995031	2bfc3d0e04879250854cb87d39e5861963e896ea	https://github.com/hevi35-coder/content-publisher/actions/runs/22049995031
2026-02-16T04:18:07Z	Auto Publish (Content Publisher)	workflow_dispatch	completed/success	22049945908	69d2b3431ec082a0b937471369c50773d0bfbea7	https://github.com/hevi35-coder/content-publisher/actions/runs/22049945908
2026-02-16T04:17:52Z	Notify on Workflow Failure	workflow_run	completed/skipped	22049941219	69d2b3431ec082a0b937471369c50773d0bfbea7	https://github.com/hevi35-coder/content-publisher/actions/runs/22049941219
2026-02-16T04:17:20Z	Weekly Content Automation	workflow_dispatch	completed/success	22049931588	69d2b3431ec082a0b937471369c50773d0bfbea7	https://github.com/hevi35-coder/content-publisher/actions/runs/22049931588
2026-02-16T04:16:38Z	PR Sanity	pull_request	completed/success	22049918912	b3d4e65ea2d991a7ad50182faf0bc78166563e7b	https://github.com/hevi35-coder/content-publisher/actions/runs/22049918912
2026-02-16T04:11:46Z	PR Sanity	pull_request	completed/success	22049831817	a9aa5bdba85f5e4274267e2c6fb30a047349fbc2	https://github.com/hevi35-coder/content-publisher/actions/runs/22049831817
2026-02-16T04:10:56Z	PR Sanity	pull_request	completed/success	22049816367	def7f94749c696e0119193a49aad6adc0de2e1e7	https://github.com/hevi35-coder/content-publisher/actions/runs/22049816367
2026-02-16T04:08:49Z	Notify on Workflow Failure	workflow_run	completed/skipped	22049777955	deb3331fee3f95a41bcb3696b2242b85bb7a4ad7	https://github.com/hevi35-coder/content-publisher/actions/runs/22049777955
2026-02-16T04:08:15Z	Weekly Content Automation	workflow_dispatch	completed/success	22049768096	deb3331fee3f95a41bcb3696b2242b85bb7a4ad7	https://github.com/hevi35-coder/content-publisher/actions/runs/22049768096
2026-02-16T04:07:31Z	PR Sanity	pull_request	completed/success	22049755815	e3f0a635ea9c36797e256f534d4475827dc173be	https://github.com/hevi35-coder/content-publisher/actions/runs/22049755815
2026-02-16T04:06:44Z	Notify on Workflow Failure	workflow_run	completed/success	22049742538	0000c02019762efdf1307270f3e2c3b0431490d2	https://github.com/hevi35-coder/content-publisher/actions/runs/22049742538
2026-02-16T04:06:10Z	Weekly Content Automation	workflow_dispatch	completed/failure	22049732628	0000c02019762efdf1307270f3e2c3b0431490d2	https://github.com/hevi35-coder/content-publisher/actions/runs/22049732628
2026-02-16T04:05:28Z	PR Sanity	pull_request	completed/success	22049721274	bb84215ee2c3cf3df2b9debfb5a83bc7b86c49ef	https://github.com/hevi35-coder/content-publisher/actions/runs/22049721274
2026-02-16T04:04:09Z	Notify on Workflow Failure	workflow_run	completed/success	22049698163	a9f6b54860a008273e8ca52a5423f50aa96139d0	https://github.com/hevi35-coder/content-publisher/actions/runs/22049698163
2026-02-16T04:03:35Z	Weekly Content Automation	workflow_dispatch	completed/failure	22049688475	a9f6b54860a008273e8ca52a5423f50aa96139d0	https://github.com/hevi35-coder/content-publisher/actions/runs/22049688475
2026-02-16T03:44:39Z	Auto Publish (Content Publisher)	workflow_dispatch	completed/success	22049370421	a9f6b54860a008273e8ca52a5423f50aa96139d0	https://github.com/hevi35-coder/content-publisher/actions/runs/22049370421
2026-02-16T03:44:06Z	Notify on Workflow Failure	workflow_run	completed/skipped	22049360841	a9f6b54860a008273e8ca52a5423f50aa96139d0	https://github.com/hevi35-coder/content-publisher/actions/runs/22049360841
2026-02-16T03:42:57Z	Weekly Content Automation	workflow_dispatch	completed/success	22049342033	a9f6b54860a008273e8ca52a5423f50aa96139d0	https://github.com/hevi35-coder/content-publisher/actions/runs/22049342033
2026-02-16T03:42:14Z	PR Sanity	pull_request	completed/success	22049330724	bf1c6d07a5cde1d14142003bb15bfbf73198f0a9	https://github.com/hevi35-coder/content-publisher/actions/runs/22049330724
2026-02-16T03:31:43Z	Auto Publish (Content Publisher)	workflow_dispatch	completed/success	22049160876	d4ff2562e8c84d04fddef41d4f2843a38a1848e0	https://github.com/hevi35-coder/content-publisher/actions/runs/22049160876
2026-02-16T03:30:45Z	PR Sanity	pull_request	completed/success	22049145967	80e3a3cbd5da4594fd6f6a4e29ed508960319f09	https://github.com/hevi35-coder/content-publisher/actions/runs/22049145967
2026-02-16T02:33:10Z	Auto Publish (Content Publisher)	push	completed/failure	22048170893	56185de0ca08251d8434be8c9b8de556845c44b5	https://github.com/hevi35-coder/content-publisher/actions/runs/22048170893
2026-02-16T02:32:47Z	PR Sanity	pull_request	completed/success	22048164141	61128bd2078a4e3da574ce721a0fe65366c11009	https://github.com/hevi35-coder/content-publisher/actions/runs/22048164141
2026-02-16T02:30:43Z	PR Sanity	pull_request	completed/success	22048129109	de40b03ef4a5d3523ea16e010a45b147f7ea9a2e	https://github.com/hevi35-coder/content-publisher/actions/runs/22048129109
2026-02-16T01:52:02Z	Notify on Workflow Failure	workflow_run	completed/skipped	22047469185	e2863ce0b0c1312318d1ee275ce8c64ee78f1685	https://github.com/hevi35-coder/content-publisher/actions/runs/22047469185
2026-02-16T01:50:42Z	Weekly Content Automation	schedule	completed/success	22047448209	e2863ce0b0c1312318d1ee275ce8c64ee78f1685	https://github.com/hevi35-coder/content-publisher/actions/runs/22047448209
2026-02-15T02:27:46Z	Notify on Workflow Failure	workflow_run	completed/skipped	22028251612	e2863ce0b0c1312318d1ee275ce8c64ee78f1685	https://github.com/hevi35-coder/content-publisher/actions/runs/22028251612
2026-02-15T02:27:16Z	Weekly Content Automation	schedule	completed/success	22028245280	6d5f71a95d530daed1f28bdc50b8523104e9d241	https://github.com/hevi35-coder/content-publisher/actions/runs/22028245280
2026-02-13T01:56:48Z	Notify on Workflow Failure	workflow_run	completed/skipped	21971689198	b6f37b713319824b04ac269e1a34bc7752c62dad	https://github.com/hevi35-coder/content-publisher/actions/runs/21971689198
2026-02-13T01:54:46Z	Weekly Content Automation	schedule	completed/success	21971646469	b6f37b713319824b04ac269e1a34bc7752c62dad	https://github.com/hevi35-coder/content-publisher/actions/runs/21971646469
2026-02-11T02:00:40Z	Notify on Workflow Failure	workflow_run	completed/skipped	21889852468	35419498702e1f2d7e86018f50e7eb9f9f26ecab	https://github.com/hevi35-coder/content-publisher/actions/runs/21889852468
2026-02-11T01:59:27Z	Weekly Content Automation	schedule	completed/success	21889826460	35419498702e1f2d7e86018f50e7eb9f9f26ecab	https://github.com/hevi35-coder/content-publisher/actions/runs/21889826460
2026-02-09T13:09:02Z	Notify on Workflow Failure	workflow_run	completed/skipped	21826352784	e0706342c9177d2202c45641c0c6590f3a36f1ae	https://github.com/hevi35-coder/content-publisher/actions/runs/21826352784
2026-02-09T13:08:05Z	Weekly Content Automation	workflow_dispatch	completed/success	21826323361	2d062c65be528fe796b3f1a5dd63da23165a097e	https://github.com/hevi35-coder/content-publisher/actions/runs/21826323361
2026-02-09T13:05:52Z	Notify on Workflow Failure	workflow_run	completed/failure	21826254123	2d062c65be528fe796b3f1a5dd63da23165a097e	https://github.com/hevi35-coder/content-publisher/actions/runs/21826254123
2026-02-09T13:04:59Z	Weekly Content Automation	workflow_dispatch	completed/failure	21826227273	9c2d8e6b42802037732b3f6440dbcfd7cff8a6ed	https://github.com/hevi35-coder/content-publisher/actions/runs/21826227273
2026-02-09T12:56:34Z	Notify on Workflow Failure	workflow_run	completed/failure	21825961195	9c2d8e6b42802037732b3f6440dbcfd7cff8a6ed	https://github.com/hevi35-coder/content-publisher/actions/runs/21825961195
2026-02-09T12:55:39Z	Weekly Content Automation	workflow_dispatch	completed/failure	21825931516	8173408ef61eef990caa5d1f8a0c487498c77d73	https://github.com/hevi35-coder/content-publisher/actions/runs/21825931516
2026-02-09T01:05:41Z	Notify on Workflow Failure	workflow_run	completed/failure	21808875101	660f3d3c8e76384a27f6d54f59f0fc72b1963a77	https://github.com/hevi35-coder/content-publisher/actions/runs/21808875101
2026-02-09T01:05:20Z	Weekly Content Automation	schedule	completed/failure	21808868839	660f3d3c8e76384a27f6d54f59f0fc72b1963a77	https://github.com/hevi35-coder/content-publisher/actions/runs/21808868839
2026-02-08T15:08:17Z	Auto Publish (Content Publisher)	push	completed/failure	21800325883	660f3d3c8e76384a27f6d54f59f0fc72b1963a77	https://github.com/hevi35-coder/content-publisher/actions/runs/21800325883
2026-02-08T02:40:00Z	Weekly Content Automation	schedule	completed/failure	21790976532	580681ceb9aa4ce4c8b3cd471caa4dd0addb78ef	https://github.com/hevi35-coder/content-publisher/actions/runs/21790976532
2026-02-07T16:48:29Z	Auto Publish (Content Publisher)	push	completed/failure	21783437771	580681ceb9aa4ce4c8b3cd471caa4dd0addb78ef	https://github.com/hevi35-coder/content-publisher/actions/runs/21783437771
